{
  "matter_details": {
    "instruction_ref": "HLX-20003-12345",
    "client_id": null,
    "matter_ref": null,
    "stage": "completed",
    "date_created": null,
    "client_type": "Individual",
    "area_of_work": "Commercial",
    "practice_area": "Director Rights & Dispute Advice",
    "description": "test item description",
    "client_as_on_file": "df",
    "dispute_value": "£10k - £500k",
    "folder_structure": "Default / Commercial"
  },
  "team_assignments": {
    "fee_earner": "Lukasz Zemanek",
    "supervising_partner": "AC",
    "originating_solicitor": "Lukasz Zemanek",
    "requesting_user": "Luke",
    "fee_earner_initials": "LZ",
    "originating_solicitor_initials": "LZ"
  },
  "client_information": [
    {
      "poid_id": "HLX-20003-12345",
      "first_name": "Test3",
      "last_name": "Item3",
      "email": "test@example.com",
      "best_number": "0000000000",
      "type": "individual",
      "nationality": "United Kingdom",
      "date_of_birth": "1990-01-01",
      "address": {
        "house_number": "1",
        "street": "Test Street",
        "city": "Test City",
        "county": "Test County",
        "post_code": "TE5 7ST",
        "country": "United Kingdom"
      },
      "company_details": null,
      "verification": {
        "stage": "completed"
      }
    },
    {
      "poid_id": "1",
      "first_name": "Test3",
      "last_name": "Item3",
      "email": "test@example.com",
      "best_number": "0000000000",
      "type": "individual",
      "nationality": "United Kingdom",
      "date_of_birth": "1990-01-01",
      "address": {
        "house_number": "1",
        "street": "Test Street",
        "city": "Test City",
        "county": "Test County",
        "post_code": "TE5 7ST",
        "country": "United Kingdom"
      },
      "company_details": null,
      "verification": {
        "stage": "completed"
      }
    }
  ],
  "source_details": {
    "source": "search",
    "referrer_name": null
  },
  "opponent_details": {
    "opponent": {
      "title": "AI",
      "first_name": "A. Placeholder",
      "last_name": "Entity",
      "is_company": false,
      "company_name": "Phantom Entity Ltd",
      "company_number": "AE001",
      "email": "ae@hlx.place",
      "phone": "00000000000",
      "address": {
        "house_number": "0",
        "street": "Trace Null Row",
        "city": "Lowlight",
        "county": "Eidolonshire",
        "post_code": "NX01 0AE",
        "country": "United Kingdom"
      }
    },
    "solicitor": {
      "title": "AI",
      "first_name": "A. Placeholder",
      "last_name": "Solicitor",
      "company_name": "Null Proxy LLP",
      "company_number": "AE-LAW-00X",
      "email": "relay@hlx.place",
      "phone": "00000000001",
      "address": {
        "house_number": "1",
        "street": "Obscura Street",
        "city": "Lowlight",
        "county": "Eidolonshire",
        "post_code": "NX01 0AE",
        "country": "United Kingdom"
      }
    }
  },
  "compliance": {
    "conflict_check_completed": true,
    "id_verification_required": true,
    "pep_sanctions_check_required": true
  },
  "metadata": {
    "created_by": "LZ",
    "created_at": "2025-07-18T11:39:06.545Z",
    "form_version": "1.0",
    "processing_status": "pending_review"
  },
  "insert_clients_name": "",
  "insert_heading_eg_matter_description": "test item description",
  "matter": "ITEM310669-00007",
  "name_of_person_handling_matter": "Lukasz Zemanek",
  "status": "Partner",
  "email": "lz@helix-law.com",
  "names_and_contact_details_of_other_members_of_staff_who_can_help_with_queries": "Lukasz Zemanek <lz@helix-law.com>, Lukasz Zemanek <lz@helix-law.com>, AC",
  "name_of_handler": "Lukasz Zemanek",
  "handler": "Lukasz Zemanek",
  "name": "",
  "identify_the_other_party_eg_your_opponents": "",
  "insert_current_position_and_scope_of_retainer": "",
  "next_steps": "",
  "realistic_timescale": "",
  "estimate": "",
  "figure": "",
  "next_stage": "",
  "we_cannot_give_an_estimate_of_our_overall_charges_in_this_matter_because_reason_why_estimate_is_not_possible": "",
  "and_or_intervals_eg_every_three_months": "",
  "contact_details_for_marketing_opt_out": "",
  "explain_the_nature_of_your_arrangement_with_any_introducer_for_link_to_sample_wording_see_drafting_note_referral_and_fee_sharing_arrangement": "",
  "figure_or_range": "",
  "give_examples_of_what_your_estimate_includes_eg_accountants_report_and_court_fees": "",
  "in_total_including_vat_or_for_the_next_steps_in_your_matter": "",
  "instructions_link": "",
  "link_to_preference_centre": "",
  "may_will": "",
  "display_number": "ITEM310669-00007"
}